,0,1
0,20600014392059,Cash Fortune - Free Slots Casino Games
1,20600013757273,Cash Hoard Slots！Real Las Vegas Casino Slots Game
2,20600009790511,Jackpot World™ - Free Vegas Casino Slots
3,20600004480869,Huuuge Casino Slots - Free Casino Slots Games
4,20600000016866,Coin Dozer - Free Prizes
5,20600005249744,POP! Slots ™- Free Vegas Casino Slot Machine Games
6,20600007746381,Lightning Link Casino: Best Casino Slots & Games!
7,20600013703676,BRAVO SLOTS: new free casino games & slot machines
8,372836496,Coin Dozer
9,20600004038597,Slots: Heart of Vegas™ – Free Casino Slots Games
10,20600007714881,Rock N' Cash Casino Slots -Free Vegas Slot Games
11,1243005112,Lightning Link Casino Slots
12,20600003982687,Quick Hit Casino Games - Free Casino Slots Games
13,785537179,Heart of Vegas Casino Slots
14,20600014677507,AEW Casino: Double or Nothing
15,945621521,Quick Hit Slots - Casino Games
